time,text
Mon May 20 23:36:42 +0000 2019,"@scott_lew_is @VitalikButerin @VladZamfir @HumanityDAO Scott, thought experiment: an outsider you don't know or tru… https://t.co/Ejkvd565X8"
Mon May 20 23:38:00 +0000 2019,@meeshbhoombah @VladZamfir @scott_lew_is @nanexcool @VitalikButerin @HumanityDAO That's what I was signaling with t… https://t.co/4h3WSLe3fK
Mon May 20 23:38:33 +0000 2019,@meeshbhoombah @VladZamfir @scott_lew_is @nanexcool @VitalikButerin @HumanityDAO I want ETH to scale to Internet si… https://t.co/SDLcZUfiMZ
Mon May 20 23:38:57 +0000 2019,@nicksdjohnson @PhABCD @soonaorlater @ljxie @_jillruth How can I explain where you'll give me a shot at success?
Mon May 20 23:39:47 +0000 2019,@nicksdjohnson @PhABCD @soonaorlater @ljxie @_jillruth I'm calm and happy to walk through consensus step-by-step. H… https://t.co/tS22uoTLuR
Mon May 20 23:40:39 +0000 2019,@nicksdjohnson @PhABCD @soonaorlater @ljxie @_jillruth Favorite programming language is Solidity. It exists called… https://t.co/RlcHPBLuzu
Mon May 20 23:41:00 +0000 2019,@nicksdjohnson @PhABCD @soonaorlater @ljxie @_jillruth @HumanityDAO Will explain in a few tweets no time for papers… https://t.co/rNtdI8g578
Mon May 20 23:41:41 +0000 2019,@nicksdjohnson @PhABCD @soonaorlater @ljxie @_jillruth @HumanityDAO Everyone in the network has a public ETH addres… https://t.co/hMfwK0WKrR
Mon May 20 23:42:17 +0000 2019,@nicksdjohnson @PhABCD @soonaorlater @ljxie @_jillruth @HumanityDAO Nick you want to join the humans network so you… https://t.co/45rKKQp43w
Mon May 20 23:42:37 +0000 2019,@nicksdjohnson @PhABCD @soonaorlater @ljxie @_jillruth @HumanityDAO I vote you in because I trust you. Web-of-trust.
Mon May 20 23:42:49 +0000 2019,"@nicksdjohnson @PhABCD @soonaorlater @ljxie @_jillruth @HumanityDAO Now we are nodes, the two of us."
Mon May 20 23:43:19 +0000 2019,"@nicksdjohnson @PhABCD @soonaorlater @ljxie @_jillruth @HumanityDAO Vitalik applies. We trust him, vote him in. We'… https://t.co/b6JaQhuuLe"
Mon May 20 23:43:34 +0000 2019,@nicksdjohnson @PhABCD @soonaorlater @ljxie @_jillruth @HumanityDAO Now the 3 of us and so on.
Mon May 20 23:43:47 +0000 2019,@nicksdjohnson @PhABCD @soonaorlater @ljxie @_jillruth @HumanityDAO Interesting property is payoff matrix.
Mon May 20 23:44:20 +0000 2019,"@nicksdjohnson @PhABCD @soonaorlater @ljxie @_jillruth @HumanityDAO If you are a dishonest node (liar, signaler) yo… https://t.co/9qFky4wVNj"
Mon May 20 23:44:43 +0000 2019,"@nicksdjohnson @PhABCD @soonaorlater @ljxie @_jillruth @HumanityDAO But if you're an honest node like me, you get U… https://t.co/QD0XyEF0tl"
Mon May 20 23:44:58 +0000 2019,@nicksdjohnson @PhABCD @soonaorlater @ljxie @_jillruth @HumanityDAO So we have a massive prisoner's dilemma.
Mon May 20 23:45:30 +0000 2019,"@nicksdjohnson @PhABCD @soonaorlater @ljxie @_jillruth @HumanityDAO The three of us generally trust each other, but… https://t.co/fpuSFua57a"
Mon May 20 23:45:46 +0000 2019,"@nicksdjohnson @PhABCD @soonaorlater @ljxie @_jillruth @HumanityDAO In a single round game, we all defect. We all sell the token."
Mon May 20 23:46:07 +0000 2019,"@nicksdjohnson @PhABCD @soonaorlater @ljxie @_jillruth @HumanityDAO In an ITERATED game, it's been shown that the prisoners can COOPERATE."
Mon May 20 23:46:30 +0000 2019,"@nicksdjohnson @PhABCD @soonaorlater @ljxie @_jillruth @HumanityDAO Blocks, humans, truth, public discourse, are IT… https://t.co/SRcmRQwcxv"
Mon May 20 23:46:52 +0000 2019,@nicksdjohnson @PhABCD @soonaorlater @ljxie @_jillruth @HumanityDAO So what is our strategy? Logic says defect. Same as single round.
Mon May 20 23:47:24 +0000 2019,@nicksdjohnson @PhABCD @soonaorlater @ljxie @_jillruth @HumanityDAO BUT INTERESTING OUTCOME IS COOPERATE IF UNKNOWN ROUNDS
Mon May 20 23:47:31 +0000 2019,@nicksdjohnson @PhABCD @soonaorlater @ljxie @_jillruth @HumanityDAO https://t.co/iH3D6Ea7TL
Mon May 20 23:47:42 +0000 2019,@nicksdjohnson @PhABCD @soonaorlater @ljxie @_jillruth @HumanityDAO BLOCKCHAIN IS UNKOWN ROUNDS
Mon May 20 23:48:27 +0000 2019,@nicksdjohnson @PhABCD @soonaorlater @ljxie @_jillruth @HumanityDAO The humans @HumanityDAO are cooperating for ver… https://t.co/eFidKJTvOl
Mon May 20 23:48:49 +0000 2019,@nicksdjohnson @PhABCD @soonaorlater @ljxie @_jillruth @HumanityDAO IT IS IN THEIR SELF-INTEREST TO COOPERATE. JOIN… https://t.co/Q5a7JZCBP8
Mon May 20 23:49:44 +0000 2019,@nicksdjohnson @PhABCD @soonaorlater @ljxie @_jillruth @HumanityDAO SHOULD MENTION THAT COOPERATE IS ACCEPT REAL REJECT SYBIL
Mon May 20 23:50:08 +0000 2019,@nicksdjohnson @PhABCD @soonaorlater @ljxie @_jillruth @HumanityDAO CAN SOLVE FRONTRUNNING IF BLOCK VALIDATORS COOP… https://t.co/1RBDPfXoVD
Mon May 20 23:51:33 +0000 2019,@nicksdjohnson @PhABCD @soonaorlater @ljxie @_jillruth @HumanityDAO SYBILS LOSE STAKE. CYPHERPUNKS GET IT ETH COMMUNITY HAS EGO. WHY????
Mon May 20 23:54:22 +0000 2019,@rabbyte Thought experiment: imagine someone told you everything you thought you know is incorrect. Humans are ince… https://t.co/plgLMCRukj
Mon May 20 23:54:52 +0000 2019,@scott_lew_is @VladZamfir @nanexcool @VitalikButerin @HumanityDAO WE WANT HELP WITH THE REST THIS IS PROOF OF CONCE… https://t.co/54sXZoKdKX
Mon May 20 23:55:59 +0000 2019,@rabbyte As a part of this thought experiment please check the list of humans @HumanityDAO and assign a probability… https://t.co/NipULd3UUf
Mon May 20 23:57:03 +0000 2019,@PhABCD @nicksdjohnson @soonaorlater @ljxie @_jillruth THOSE ARE SIGNALS I DON'T WANT TO WRITE A PAPER IT'S READY NOW
Mon May 20 23:57:22 +0000 2019,@PhABCD @nicksdjohnson @soonaorlater @ljxie @_jillruth ALL YOU HAVE TO DO IS DROP THE EGO. TRY IT OUT!
Mon May 20 23:57:34 +0000 2019,@PhABCD @nicksdjohnson @soonaorlater @ljxie @_jillruth WHAT CAN GO WRONG IF YOU TRY???
Mon May 20 23:58:19 +0000 2019,@nanexcool @VladZamfir @VitalikButerin @scott_lew_is @HumanityDAO ALL SIGNALING. YOU GUYS READ AND ASSUME I'M MAD.… https://t.co/eh2wqj45dH
Tue May 21 00:00:00 +0000 2019,@PhABCD @nicksdjohnson @soonaorlater @ljxie @_jillruth .@nicksdjohnson I know you're a smart guy and you're an earl… https://t.co/3bfB7hbrK1
Tue May 21 00:00:56 +0000 2019,@PhABCD @nicksdjohnson @soonaorlater @ljxie @_jillruth @HumanityDAO If the list of humans look incorrect to you in… https://t.co/5mQgtrJHGj
Tue May 21 00:01:39 +0000 2019,@PhABCD @nicksdjohnson @soonaorlater @ljxie @_jillruth IT HAS NETWORK EFFECTS I'M TRYING TO MAKE YOU MONEY POS BITC… https://t.co/yewwZM1dSF
Tue May 21 00:02:56 +0000 2019,"@nicksdjohnson @PhABCD @soonaorlater @ljxie @_jillruth @HumanityDAO https://t.co/T682n3Fvsg. `remove`. Sorry man, i… https://t.co/lV5mz2Z15W"
Tue May 21 00:03:51 +0000 2019,@rabbyte @HumanityDAO WHAT IF I WAS WHAT IF I AM HONEST IN EVERYTHING I SAY WHAT IF THIS IS SIGNALING WHAT IF HUMAN… https://t.co/zxigAUagcL
Tue May 21 00:05:02 +0000 2019,@rabbyte @HumanityDAO A GAME THAT CAN BE SOLVED WITH BLOCKCHAIN IF EVERYONE DROPS THEIR EGO PLEASE! WE CAN SOLVE TR… https://t.co/jR6Qcudqx8
Tue May 21 00:05:19 +0000 2019,@rabbyte @HumanityDAO PROBABILITY WEIGHT THESE STATEMENTS PLEASE.
Tue May 21 00:06:19 +0000 2019,@rabbyte @HumanityDAO I'M NOT THE MEMBERS HAVE ACCEPTED THAT THIS IS A GAME AND I AM A PROPAGANDA MACHINE FOR THEM.… https://t.co/ffXoGVCTjt
Tue May 21 00:06:51 +0000 2019,@rabbyte @HumanityDAO PLEASE SYBIL!!!!! THAT IS SKIN IN THE GAME YOU'RE THE FIRST PERSON TO SUGGEST SOMETHING LOGICAL THANK GOD.
Tue May 21 00:07:28 +0000 2019,@rabbyte @HumanityDAO YOU BELIEVE SOMETHING AND ARE WILLING TO STAND UP FOR IT. GOOD FOR YOU PLEASE ATTACK WITH EVERYTHING YOU HAVE!
Tue May 21 00:07:55 +0000 2019,@rabbyte @HumanityDAO OTHERS HAVE EGO WHERE IS THE STAKE? THEY CALL ME CRAZY BECAUSE THEY HAVE NO SKIN IN THE GAME. THEY DON'T GET IT.
Tue May 21 00:08:27 +0000 2019,@nicksdjohnson @PhABCD @soonaorlater @ljxie @_jillruth @HumanityDAO SIGNALS. SOCIETY NEEDS STAKE.
Tue May 21 00:08:57 +0000 2019,"@nicksdjohnson @PhABCD @soonaorlater @ljxie @_jillruth @HumanityDAO ACADEMIA, PEER REVIEW ARE ALL SIGNALS. SHOUTING… https://t.co/F2Qfg5eGhK"
Tue May 21 00:09:42 +0000 2019,@androolloyd @PhABCD @nicksdjohnson @soonaorlater @ljxie @_jillruth LOOK AT THE DISCORD OF @HumanityDAO PEOPLE ARE… https://t.co/N9sTFrhiWk
Tue May 21 00:10:35 +0000 2019,@nicksdjohnson @PhABCD @soonaorlater @ljxie @_jillruth @HumanityDAO DO ANY OF YOU READ NASSIM TALEB? YOU ARE LIKING… https://t.co/0tus3NJ63n
Tue May 21 00:12:31 +0000 2019,@androolloyd @PhABCD @nicksdjohnson @soonaorlater @ljxie @_jillruth @HumanityDAO YES IT DOES IT'S FUNNY THIS IS A S… https://t.co/ulpS6qfC92
Tue May 21 00:13:39 +0000 2019,@androolloyd @PhABCD @nicksdjohnson @soonaorlater @ljxie @_jillruth @HumanityDAO IT DOES TO THE CYPHERPUNKS IN… https://t.co/QVqOQnAZQf
Tue May 21 00:14:58 +0000 2019,@androolloyd @PhABCD @nicksdjohnson @soonaorlater @ljxie @_jillruth @HumanityDAO LOOK AT THE LIST OF HUMANS WHY ARE… https://t.co/X2qjteFLuG
Tue May 21 00:15:46 +0000 2019,@androolloyd @PhABCD @nicksdjohnson @soonaorlater @ljxie @_jillruth @HumanityDAO SMART PEOPLE THAT WANT TO SOLVE TH… https://t.co/Yz8PJZ2CuU
Tue May 21 00:16:47 +0000 2019,@nicksdjohnson @PhABCD @soonaorlater @ljxie @_jillruth @HumanityDAO ALL GOOD! SYSTEM IS OPTIONAL! Thanks for trying… https://t.co/T1CMXLPCub
Tue May 21 00:17:59 +0000 2019,@androolloyd @PhABCD @nicksdjohnson @soonaorlater @ljxie @_jillruth @HumanityDAO IF IMPOSSIBLE TO HURT WHY WILL YOU… https://t.co/7n7iU2niZq
Tue May 21 00:19:05 +0000 2019,@androolloyd @PhABCD @nicksdjohnson @soonaorlater @ljxie @_jillruth @HumanityDAO I'VE REALIZED HUMANS ARE INCENTIVE… https://t.co/HTEMqUgoYX
Tue May 21 00:19:32 +0000 2019,@mikedemarais @androolloyd @PhABCD @nicksdjohnson @soonaorlater @ljxie @_jillruth @HumanityDAO WE CAN DO THAT WE HAVE UBI LOL
Tue May 21 00:20:23 +0000 2019,@androolloyd @PhABCD @nicksdjohnson @soonaorlater @ljxie @_jillruth @HumanityDAO I'M AN ANGRY (NOT ACTUALLY) PERSON… https://t.co/hgAWEQJ26O
Tue May 21 00:20:56 +0000 2019,@androolloyd @PhABCD @nicksdjohnson @soonaorlater @ljxie @_jillruth @HumanityDAO NOT A RANT IT'S A SIGNAL RADICAL T… https://t.co/0u3LTdpYHR
Tue May 21 00:21:22 +0000 2019,@androolloyd @PhABCD @nicksdjohnson @soonaorlater @ljxie @_jillruth @HumanityDAO YES YOU DO THAT'S STAKE READ SKIN… https://t.co/ORjLqnDMX3
Tue May 21 00:21:49 +0000 2019,@mikedemarais @androolloyd @PhABCD @nicksdjohnson @soonaorlater @ljxie @_jillruth @HumanityDAO YESSSSSSSS ALLL CAPS… https://t.co/IiVnBKit3H
Tue May 21 00:22:46 +0000 2019,@androolloyd @PhABCD @nicksdjohnson @soonaorlater @ljxie @_jillruth @HumanityDAO I'VE REALIZED THAT HUMANS ARE INCE… https://t.co/n1e33NvvML
Tue May 21 00:23:29 +0000 2019,@androolloyd @PhABCD @nicksdjohnson @soonaorlater @ljxie @_jillruth @HumanityDAO ITS A GLOBAL COOPERATION NETWORK Y… https://t.co/l52DG6Z3MM
Tue May 21 00:24:11 +0000 2019,@androolloyd @mikedemarais @PhABCD @nicksdjohnson @soonaorlater @ljxie @_jillruth @HumanityDAO WE LITERALLY HAVE UB… https://t.co/9VNNNz4WC2
Tue May 21 00:28:49 +0000 2019,@androolloyd @PhABCD @nicksdjohnson @soonaorlater @ljxie @_jillruth @HumanityDAO PROPAGANDA IS OBVIOUSLY TO JOIN HU… https://t.co/tVwj0sYrE4
Tue May 21 00:30:18 +0000 2019,@androolloyd @PhABCD @nicksdjohnson @soonaorlater @ljxie @_jillruth @HumanityDAO WHAT CAN I DO TO MAKE IT SOUND FUN… https://t.co/QgxllpjtEl
Tue May 21 00:31:42 +0000 2019,@androolloyd @PhABCD @nicksdjohnson @soonaorlater @ljxie @_jillruth @HumanityDAO https://t.co/qmLnh7SuGA
Tue May 21 00:32:28 +0000 2019,@androolloyd @PhABCD @nicksdjohnson @soonaorlater @ljxie @_jillruth @HumanityDAO IF I AM CRAZY WHY IS NO ONE (EXCEP… https://t.co/zXJ3rHfyFi
Tue May 21 00:33:25 +0000 2019,@nanexcool @VladZamfir @VitalikButerin @scott_lew_is @HumanityDAO THIS IS ALL A SIGNAL HOPE YOU CAN UNDERSTAND. RAD… https://t.co/MaZVk9NdD8
Tue May 21 00:34:44 +0000 2019,@nanexcool @VladZamfir @VitalikButerin @scott_lew_is @HumanityDAO WHO WILL STAKE MONEY THAT I AM WRONG INSTEAD OF B… https://t.co/GG7ZNkkGhG
Tue May 21 00:35:31 +0000 2019,@nanexcool @VladZamfir @VitalikButerin @scott_lew_is @HumanityDAO NO MORE BEING NICE (SIGNAL). YOU ARE ALLOWED TO B… https://t.co/21zL5PmsMt
Tue May 21 00:36:03 +0000 2019,@androolloyd @PhABCD @nicksdjohnson @soonaorlater @ljxie @_jillruth @HumanityDAO WHY CAN'T YOU SEPARATE CAPS FROM A… https://t.co/P0mAGucCM8
Tue May 21 00:36:32 +0000 2019,@androolloyd @PhABCD @nicksdjohnson @soonaorlater @ljxie @_jillruth @HumanityDAO AM WILLING TO DISCUSS WITH ANYONE… https://t.co/u50ksDXYci
Tue May 21 00:37:28 +0000 2019,@androolloyd @PhABCD @nicksdjohnson @soonaorlater @ljxie @_jillruth @HumanityDAO I'M SORRY I'M TRYING TO MAKE A POI… https://t.co/GHCRbUuuIo
Tue May 21 00:38:38 +0000 2019,@androolloyd @PhABCD @nicksdjohnson @soonaorlater @ljxie @_jillruth @HumanityDAO IVE EXPLAINED THE CONSENSUS ELSEWH… https://t.co/ajfVDBbBcs
Tue May 21 00:39:07 +0000 2019,@androolloyd @PhABCD @nicksdjohnson @soonaorlater @ljxie @_jillruth @HumanityDAO SO HUMANITY IS HARD TO SYBIL ATTAC… https://t.co/G2KQes1wqS
Tue May 21 00:39:41 +0000 2019,@androolloyd @PhABCD @nicksdjohnson @soonaorlater @ljxie @_jillruth @HumanityDAO THEN YOU GET THE BENEFITS OF SELF-… https://t.co/FUrNaLer3c
Tue May 21 00:40:20 +0000 2019,@androolloyd @PhABCD @nicksdjohnson @soonaorlater @ljxie @_jillruth @HumanityDAO IT'S BECAUSE IT'S A RADICAL CONCEP… https://t.co/EDP0vNfZgl
Tue May 21 00:40:56 +0000 2019,@androolloyd @PhABCD @nicksdjohnson @soonaorlater @ljxie @_jillruth @HumanityDAO INTERESTING RESULT IS THEY COOPERA… https://t.co/gO6b1tRDBE
Tue May 21 00:42:05 +0000 2019,@androolloyd @PhABCD @nicksdjohnson @soonaorlater @ljxie @_jillruth @HumanityDAO THE CODE IS ALSO GOOD AND I CAN AN… https://t.co/JP4pJzQQxD
Tue May 21 00:45:26 +0000 2019,@JacobShiach @PhABCD @soonaorlater @ljxie @_jillruth THEY DON'T QUITE GET IT YET BECAUSE IT'S RADICAL TO SAY THAT H… https://t.co/pIahvtBS4Q
Tue May 21 00:45:39 +0000 2019,@kacperwikiel @JacobShiach @PhABCD @soonaorlater @ljxie @_jillruth AYOOOOOOOOOOO
Tue May 21 00:48:05 +0000 2019,@JacobShiach @PhABCD @soonaorlater @ljxie @_jillruth I CAN TYPE IN CAPS ON TWITTER BECAUSE IT DOESN'T REQUIRE STAKE… https://t.co/NhoqhZRtXv
Tue May 21 00:49:13 +0000 2019,@JacobShiach @PhABCD @soonaorlater @ljxie @_jillruth I'M SORRY FOR ANNOYING YOU ALL BUT I HOPE YOU WILL ASSIGN SOME… https://t.co/0jKVLDv9sB
Tue May 21 00:49:53 +0000 2019,@androolloyd @PhABCD @nicksdjohnson @soonaorlater @ljxie @_jillruth @HumanityDAO IT WAS PROVED IN 1959 SEE PRISONER… https://t.co/HFqD29y7Za
Tue May 21 00:50:49 +0000 2019,@androolloyd @PhABCD @nicksdjohnson @soonaorlater @ljxie @_jillruth @HumanityDAO BLOCKCHAIN IS UNKNOWN ROUNDS OBVIO… https://t.co/iHhB0CHivB
Tue May 21 00:51:39 +0000 2019,@androolloyd @PhABCD @nicksdjohnson @soonaorlater @ljxie @_jillruth @HumanityDAO JUST NEED EVERYONE TO TRY OUT… https://t.co/VIwTJgbthd
Tue May 21 00:52:22 +0000 2019,@androolloyd @PhABCD @nicksdjohnson @soonaorlater @ljxie @_jillruth @HumanityDAO YEA IT'S WORKING CHECK EMERGENT CO… https://t.co/kdiGbnXcFx
Tue May 21 00:53:11 +0000 2019,@androolloyd @PhABCD @nicksdjohnson @soonaorlater @ljxie @_jillruth @HumanityDAO WHY DO YOU THINK NO ONE HAS SUCCES… https://t.co/8PPVSe1zGT
Tue May 21 02:54:16 +0000 2019,GUYS I AM VERY VERY SORRY
Tue May 21 02:54:31 +0000 2019,FOR THE NEXT COUPLE OF WEEKS ALL THE TWEETS YOU SEE WILL BE ALL CAPS
Tue May 21 02:54:51 +0000 2019,THIS IS THE BEST WAY I'VE FOUND TO TRY TO TEACH PEOPLE THE TRUTH
Tue May 21 02:55:05 +0000 2019,SO WHILE I'M TWEETING IN ALL CAPS
Tue May 21 02:55:16 +0000 2019,KEEP IN MIND THAT EVERYTHING I SAY I BELIEVE TO BE TRUE
Tue May 21 02:55:25 +0000 2019,NO MATTER HOW CRAZY
Tue May 21 02:55:42 +0000 2019,YOU CAN DOUBT THAT I'M WRONG. THAT'S NORMAL I'M A PERSON ON THE INTERNET.
Tue May 21 02:55:51 +0000 2019,BUT YOU CAN ONLY DOUBT ME WITH FACTS
Tue May 21 02:56:03 +0000 2019,NO EMOTION BASED LOGIC LIKE THAT I'M ACTING MANIC
Tue May 21 02:56:21 +0000 2019,FACTS ONLY. I AM CONSTRUCTING A LOGICAL GAME WE CAN ALL AGREE IS REASONABLE.
Tue May 21 02:56:35 +0000 2019,I'M SO SORRY HAHAHAHA THIS IS NOT WHO I AM BUT THIS IS HOW I MUST PLAY THE GAME
Tue May 21 02:56:41 +0000 2019,YOU WILL UNDERSTAND EVENTUALLY
Tue May 21 02:56:51 +0000 2019,I'M TWEETING IN ALL CAPS BUT I AM NOT MANIC
Tue May 21 02:57:00 +0000 2019,I AM PLAYING A CAREFULLY CONSTRUCTED GAME
Tue May 21 02:57:17 +0000 2019,I HAVE CREATED A PROOF OF STAKE ALGORITHM IN A FEW HUNDRED LINES OF SOLIDITY
Tue May 21 02:57:20 +0000 2019,IT WORKS
Tue May 21 02:57:42 +0000 2019,YOU CAN SEE THAT IT WORKS BECAUSE YOU CAN SEE THE LIST OF HUMANS OVER AT @HumanityDAO IS GROWING
Tue May 21 02:57:53 +0000 2019,IF THE LIST IS DEFEATED THAT IS A LOGICAL ARGUMENT THAT I'M WRONG
Tue May 21 02:58:11 +0000 2019,BUT UNTIL YOU SYBIL ATTACK THE LIST SUCCESSFULLY YOU HAVE NO VALID SAY IN THIS MATTER
Tue May 21 02:58:20 +0000 2019,THE PROOF OF STAKE CONSENSUS WORKS AND IT'S FUCKING EPIC
Tue May 21 02:58:36 +0000 2019,I AM THE PROOF OF STAKE ALGORITHM'S HUMBLE PROPAGANDA MACHINE
Tue May 21 02:58:55 +0000 2019,IT'S INSANE THAT I'VE BEEN PLACED IN THIS IMPORTANT ROLE BUT THAT'S HOW THE INTERNET WORKS TODAY
Tue May 21 02:59:22 +0000 2019,@nntaleb WROTE A BOOK CALLED SKIN IN THE GAME THAT CREATED ESSENTIALLY PROOF OF STAKE AS A LOGIC ARGUMENT
Tue May 21 02:59:47 +0000 2019,"YOU ARE ALLOWED TO BE A TOTAL ASSHOLE AS LONG AS NOTHING YOU SAY CAN BE DISPUTED WITH FACT, ONLY EMOTION"
Tue May 21 02:59:58 +0000 2019,HOW FUNNY IS IT THAT I HAVE TO DO THIS GUYS. OBJECTIVELY.
Tue May 21 03:00:26 +0000 2019,THIS IS THE WAY THE INTERNET WORKS. ANYONE HAS EQUAL SAY SO SOME SHOUT THEIR MESSAGE LOUDER AND YOU TAKE IT TO MEAN… https://t.co/Puy9CPhuwj
Tue May 21 03:00:40 +0000 2019,@realDonaldTrump IS PLAYING THIS GAME
Tue May 21 03:00:52 +0000 2019,HE IS A DEFECTOR IN A PRISONER'S DILEMMA STRATEGY GAME
Tue May 21 03:01:16 +0000 2019,HE DEFECTS BY SPEWING RAGE AND HATE AND LIES AND PROPAGANDA AT PEOPLE BECAUSE HE KNOWS HOW TO CONTROL THEM
Tue May 21 03:01:24 +0000 2019,HE IS THE TROLL OF DEFECT
Tue May 21 03:01:53 +0000 2019,I AM THE PROOF OF STAKE ALGORITHM'S HUMBLE PROPAGANDA MACHINE ALWAYS AVAILABLE TO ANSWER FACT BASED QUESTIONS. NO EMOTIONS. LOL!
Tue May 21 03:02:08 +0000 2019,I AM BATTLING @realDonaldTrump RIGHT NOW
Tue May 21 03:02:26 +0000 2019,WE ARE ACTUALLY LOCKED IN WHAT'S KNOWN AS A PRISONER'S DILEMMA GAME. GAME THEORY!!!!!
Tue May 21 03:02:40 +0000 2019,IN THE PRISONER'S DILEMMA GAME (1 ROUND) EVERY ONE WILL DEFECT
Tue May 21 03:03:01 +0000 2019,IN A KNOWN ROUND PRISONERS DILEMMA GAME LOGIC TELLS YOU TO DEFECT.
Tue May 21 03:03:09 +0000 2019,THROUGH INDUCTIVE REASONING
Tue May 21 03:03:22 +0000 2019,AN UNEXPECTED RESULT IS THAT YOU CAN ACTUALLY GET OUT OF PRISONER'S DILEMMA.
Tue May 21 03:03:34 +0000 2019,WE'RE ALL PRISONERS. PRISONERS TO NATION STATES.
Tue May 21 03:03:56 +0000 2019,@realDonaldTrump IS AN ASSHOLE PROPAGANDA MACHINE WHO HAS DESTROYED AMERICAN DEMOCRACY
Tue May 21 03:04:10 +0000 2019,HE GETS THE GAME. WE'RE TRAPPED IN A LOCAL EQUILIBRIUM OF DEFECT.
Tue May 21 03:04:35 +0000 2019,EVERYONE IS DEFECTING IN SOCIETY WITH HATE. WHO DO YOU EVEN WANT FOR PRESIDENT IS ANYONE GOOD?
Tue May 21 03:04:56 +0000 2019,"I'VE FOUND A WAY TO BREAK US OUT OF THIS PRISONER'S DILEMMA GUYS, IT'S PRETTY RAD"
Tue May 21 03:05:09 +0000 2019,IT'S CALLED PROOF OF STAKE. WE'VE BEEN WORKING ON THIS FOR YEARS!!!
Tue May 21 03:05:25 +0000 2019,I IMPLEMENTED A PROOF OF STAKE CONSENSUS ALGORITHM IN ABOUT 400 LINES OF CODE IT'S CHILL
Tue May 21 03:05:43 +0000 2019,EVERYTHING I SAY RIGHT NOW IS TROLLING. PEOPLE WHO KNOW ME KNOW I WOULD NEVER DO SOMETHING LIKE THIS LOL.
Tue May 21 03:06:04 +0000 2019,AS THE POS ALGORITHM'S HUMBLE PROPAGANDA MACHINE I MUST TROLL YOU ALL UNTIL WE BREAK OUT OF JAIL
Tue May 21 03:06:22 +0000 2019,@realDonaldTrump IF YOU HAVE ANYTHING TO SAY LET'S BATTLE BRO. YOU FUCKING ORANGE FOOL.
Tue May 21 03:06:39 +0000 2019,YOU RUINED AMERICAN DEMOCRACY BY VIOLATING THE PUBLIC TRUST.
Tue May 21 03:06:54 +0000 2019,YOU KNOW THE PRISONER'S DILEMMA GAME BETTER THAN ANYONE
Tue May 21 03:07:11 +0000 2019,IT HAS AN EQUILIBRIUM IN 1 OR FIXED ROUNDS OF DEFECT
Tue May 21 03:07:18 +0000 2019,THAT'S THE STATE WE'RE IN RIGHT NOW
Tue May 21 03:07:38 +0000 2019,DONALD @realDonaldTrump IS THE PROPAGANDA MACHINE OF DEFECT. I AM THE PROPAGANDA MACHINE OF COOPERATION.
Tue May 21 03:07:55 +0000 2019,THOSE ARE YOUR CHOICES. SORRY AGAIN FOR DOING THIS I KNOW EVERYONE THINKS I'M CRAZY HA.
Tue May 21 03:08:07 +0000 2019,.@HumanityDAO SOLVES PROOF OF STAKE
Tue May 21 03:08:31 +0000 2019,RIGHT NOW IT IS USED TO ACHIEVE CONSENSUS ON A LIST OF IDENTITIES. CHECK THE CODE IT'S RAD https://t.co/CJLRY6kCyR
Tue May 21 03:08:52 +0000 2019,AS THE POS ALGO DESIGNER I AM IT'S HUMBLE PROPAGANDA MACHINE. I OWN 20% LOSERS!!
Tue May 21 03:09:08 +0000 2019,I WANT YOU ALL TO MAKE A SHITTON OF MONEY AND FOR THE WORLD TO BE A BETTER PLACE
Tue May 21 03:09:19 +0000 2019,THE ONLY WAY TO DO THAT IS TO PLAY THIS INSANE LOGIC GAME.
Tue May 21 03:09:27 +0000 2019,WE'RE IN A SYSTEM THAT'S TOO EASY TO TROLL.
Tue May 21 03:09:44 +0000 2019,@realDonaldTrump IS AN INTERNET TROLL. HE IS THE TROLL OF DEFECT.
Tue May 21 03:09:59 +0000 2019,I AM HIS OPPOSER. THE TROLL OF COOPERATE. TRYING TO SHIFT THE EQUILIBRIUM.
Tue May 21 03:10:15 +0000 2019,I'M TALKING IN GAME THEORY TERMS I HOPE YOU GUYS DON'T THINK I'M AN IDIOT HA
Tue May 21 03:10:28 +0000 2019,@realDonaldTrump IS THE PROPAGANDA MACHINE OF HATE. HE GETS IT.
Tue May 21 03:10:44 +0000 2019,"THE WORLD IS IN A BAD PLACE BECAUSE OF LACK OF JOBS, PEOPLE GETTING REPLACED"
Tue May 21 03:10:55 +0000 2019,PEOPLE'S IDEA OF HOW THEY FIT INTO THE WORLD IS CHANGING
Tue May 21 03:11:10 +0000 2019,YOU GO TO A GOOD COLLEGE (HIGH SIGNAL)
Tue May 21 03:11:18 +0000 2019,BUT CAN'T GET A GOOD JOB
Tue May 21 03:11:23 +0000 2019,YOU ARE IN DEBT
Tue May 21 03:11:35 +0000 2019,YOU HATE THIS WORLD WE LIVE IN. WE'RE PRISONERS TO NATION-STATES.
Tue May 21 03:11:58 +0000 2019,AS THE POS ALGO'S HUMBLE PROPAGANDA MACHINE I HAVE FOUND A WAY TO BREAK US OUT OF THIS SHITTHOLE SOCIETY WE'RE LIVING IN
Tue May 21 03:12:24 +0000 2019,THE ANSWER IS PRETTY COOL. YOU CAN GET NODES TO COOPERATE IN UNKNOWN ROUNDS OF THE PRISONER'S DILEMMA GAME.
Tue May 21 03:12:40 +0000 2019,SO WE NEED TO GET TO COOPERATION BY BECOMING PRISONERS
Tue May 21 03:13:13 +0000 2019,YOU SHOULD JOIN @HumanityDAO IF YOU'RE INTERESTED IN THIS THOUGHT EXPERIMENT AND WILL GRACIOUSLY HAVE ME AS YOUR HUMBLE PROPAGANDA MACHINE
Tue May 21 03:13:31 +0000 2019,THE PROOF OF STAKE ALGORITHM IS WRITTEN IN A SMART CONTRACT
Tue May 21 03:13:57 +0000 2019,MANY OF YOU WHO KNOW SOLIDITY CAN PROBABLY CONFIRM THAT IT'S TRUE: https://t.co/CJLRY6kCyR
Tue May 21 03:13:57 +0000 2019,MANY OF YOU WHO KNOW SOLIDITY CAN PROBABLY CONFIRM THAT IT'S TRUE: https://t.co/CJLRY6kCyR
Tue May 21 03:14:15 +0000 2019,BASICALLY THE WAY IT WORKS IS THE NODES IN THE NETWORK INTENTIONALLY BECOME PRISONERS
Tue May 21 03:14:34 +0000 2019,YOU COMP SCI PEOPLE WERE FOCUSED ON THE WRONG THING. YOU DON'T NEED TO SOLVE POS FOR COMPUTERS.
Tue May 21 03:14:54 +0000 2019,A BETTER SOLUTION IS TO TREAT HUMANS AS NODES IN THE NETWORK!!!! SOUNDS CRAZY BUT PRETTY DOPE
Tue May 21 03:15:15 +0000 2019,HUMANS HAVE FEELINGS AND BEHAVE DIFFERENTLY THAN MACHINES. THEY ARE PERFECT FOR PROOF OF STAKE.
Tue May 21 03:15:39 +0000 2019,@realDonaldTrump UNDERSTANDS THE EQUILIBRIUM WE'RE IN AND IS PLAYING A CLEVER PROPAGANDA GAME
Tue May 21 03:16:02 +0000 2019,SOCIETY IS SO BAD (AND ON THE VERGE OF COLLAPSE) THAT HE CAN SEND A MESSAGE OF HATE TO THE MASSES
Tue May 21 03:16:21 +0000 2019,WHO ARE CONFUSED AND HAVE LOST HOPE.
Tue May 21 03:16:44 +0000 2019,ETHEREUM PEOPLE AND OTHERS YOU ARE MY MASSES. I'M TRYING TO EXPLAIN THIS TO YOU AS YOUR HUMBLE PROPAGANDA MACHINE.
Tue May 21 03:17:02 +0000 2019,THE WAY TO BREAK OUT OF THIS EQUILIBRIUM IS TO LOGICALLY DEFEAT NATION STATES
Tue May 21 03:17:26 +0000 2019,THIS CONCEPT ISN'T MINE. IT COMES STRAIGHT FROM THE SOVEREIGN INDIVIDUAL. @naval IS ALL ABOUT IT.
Tue May 21 03:17:59 +0000 2019,BASICALLY THAT VISION IS COMING AND IT'S COMING FAST. RIGHT NOW IT'S CALLED @HumanityDAO AND YOU SHOULD JOIN TO ESC… https://t.co/FeTY5xWarx
Tue May 21 03:18:21 +0000 2019,HE IS A PROPAGANDA MACHINE I AM A (HUMBLE) PROPAGANDA MACHINE AND WE'RE BOTH PLAYING THE GAME. HOW FUCKING CRAZY IS THIS.
Tue May 21 03:18:34 +0000 2019,SO I'M TRYING TO GET US TO A DIFFERENT EQUILIBRIUM: COOPERATE
Tue May 21 03:18:46 +0000 2019,IN ORDER TO DO SO WE NEED SELF-SOVEREIGN IDENTITY
Tue May 21 03:19:05 +0000 2019,WHICH IS LUCKILY SOLVED BY BY POS CONSENSUS ALGO IN @HumanityDAO
Tue May 21 03:19:25 +0000 2019,THE HATERS WILL NOT WANT TO BELIEVE IT @VitalikButerin @VladZamfir @el33th4xor @AFDudley0
Tue May 21 03:19:40 +0000 2019,THEY WILL ASSIGN EMOTION BASED ARGUMENTS TO THEIR CONCLUSIONS
Tue May 21 03:19:50 +0000 2019,THEY'RE THE SMARTEST PEOPLE IN THE WORLD THEY THINK
Tue May 21 03:20:14 +0000 2019,THEY THINK THEY'RE REALLY SMART AND HAVE CERTAIN INCENTIVES
Tue May 21 03:20:34 +0000 2019,"AS THE POS ALGORITHM'S HUMBLE PROPAGANDA MACHINE, MY INCENTIVE IS TO BREAK US OUT OF JAIL"
Tue May 21 03:20:40 +0000 2019,LET'S GOOOOOOOOOOOOOOOOO
Tue May 21 03:21:05 +0000 2019,ALL YOU HAVE TO DO IS JOIN @HumanityDAO . THEN WE CAN GET THE FUCK OUT OF THIS SOCIETY WE HAVE TODAY.
Tue May 21 03:21:22 +0000 2019,THE THING THIS WILL ENABLE IS INTERNATIONAL COORDINATION. IT'S AN IDENTITY NETWORK.
Tue May 21 03:21:40 +0000 2019,"SOLVING UNIQUE IDENTITY IS PRETTY EASY, YOU JUST USE TWITTER GRAPH FOR NOW (EASY)"
Tue May 21 03:21:57 +0000 2019,ONCE YOU HAVE THAT IN A WEB-OF-TRUST WE PLAY PRISONER'S DILEMMA
Tue May 21 03:22:24 +0000 2019,JOIN @HumanityDAO AND PLAY THE FUN PRISONER'S DILEMMA GAME. IT'S FUN YOU'LL LEARN GAME THEORY. DO ITTTTTTTTTT
Tue May 21 03:22:34 +0000 2019,I AM THE GAME'S HUMBLE PROPAGANDA MACHINE
Tue May 21 03:22:47 +0000 2019,I'M SHOWING YOU THAT IT'S EASY TO BE A TROLL ONLINE. TOO EASY.
Tue May 21 03:23:09 +0000 2019,YOU JUST HAVE TO TWEET WHATEVER COMES TO MIND AND PEOPLE WILL INTERPRET IT AS HOW YOU ACTUALLY BELIEVE.
Tue May 21 03:23:28 +0000 2019,BUT THAT'S NOT HOW IT REALLY WORKS. @realDonaldTrump GETS THE GAME AND HE'S PLAYING YOU. LIKE FOOLS!!!
Tue May 21 03:23:40 +0000 2019,HE'S THE PROPAGANDA MACHINE OF DEFECT SPREADING HATE
Tue May 21 03:24:00 +0000 2019,ARE JOBS REALLY BETTER? WHY DID THEY MENTION INFLATION IN THAT VIDEO? WHAT THE FUCK GUYSSSSSS
Tue May 21 03:24:09 +0000 2019,IT'S BECAUSE AMERICAN DEMOCRACY IS DEAD
Tue May 21 03:24:25 +0000 2019,AMERICA IS FALLING APART AND IT'S @realDonaldTrump's FAULT
Tue May 21 03:24:35 +0000 2019,HE IS THE LAST STAGE IN THE CYLE: TYRANNY
Tue May 21 03:24:55 +0000 2019,"AS THE PROOF OF STAKE ALGO'S HUMBLE PROPAGANDA MACHINE, I'M THE NEXT STAGE: ANARCHY"
Tue May 21 03:25:08 +0000 2019,I'M BREAKING US OUT OF JAIL GUYS LETS GOOOOOOOOOOOOOOOOOO
Tue May 21 03:25:17 +0000 2019,ALL YOU HAVE TO DO IS JOIN @HumanityDAO
Tue May 21 03:25:31 +0000 2019,IT'S A SELF-SOVEREIGN IDENTITY NETWORK THAT'S NOT TIED TO ANY NATION STATE
Tue May 21 03:25:58 +0000 2019,"YOU DON'T HAVE TO BELIEVE IN THE POLITICS OF THE UNITED STATES TO JOIN, WE CAN CREATE OUR OWN DEMOCRACY"
Tue May 21 03:26:09 +0000 2019,WE CAN VOTE IN A GLOBAL NETWORK USING CRYPTOGRAPHY
Tue May 21 03:26:20 +0000 2019,WE CAN REDISTRIBUTE WEALTH HOWEVER WE WANT
Tue May 21 03:26:44 +0000 2019,AS THE PROOF OF STAKE ALGORITHM'S HUMBLE PROPAGANDA MACHINE I UNFORTUNATELY HAVE THIS ROLE UNTIL YOU GUYS TRY IT OUT
Tue May 21 03:27:20 +0000 2019,YOU NEED TO GO HERE TO SIGN UP: https://t.co/xvrIx4LgOy
Tue May 21 03:27:56 +0000 2019,BUT ESSENTIALLY YOU HAVE TO POST YOUR ETHEREUM ADDRESS ON TWITTER.
Tue May 21 03:28:12 +0000 2019,THE PROOF OF STAKE ALGORITHMS WORKS WITH HUMANS IN THE NETWORK INSTEAD OF COMPUTERS
Tue May 21 03:28:31 +0000 2019,STAKE LESS THAN A DOLLAR AND THE CYPHERPUNKS WHO THINK THIS IS HILARIOUS WILL VOTE ON YOU
Tue May 21 03:28:41 +0000 2019,THAT PLACE ONCE AGAIN IS @HumanityDAO
Tue May 21 03:29:01 +0000 2019,ONCE WE GET EVERYONE IN WE CAN START CREATING NEW RULES FOR SOCIETY. YAHOOOOOOOOO.
Tue May 21 03:29:36 +0000 2019,"LIKE VOTING (DEMOCRACY, QUADRATIC, PLUTOCRACY), FUNDING IMPORTANT PROBLEMS LIKE GLOBAL WARMING, AND WEALTH REDISTRIBUTION"
Tue May 21 03:30:04 +0000 2019,AS THE PROPAGANDA MACHINE OF THE ALGORITHM I'M TRYING TO GET YOU ON BOARD WITH THAT MISSION SO WE CAN TOPPLE HATE AND TYRANNY.
Tue May 21 03:30:25 +0000 2019,@realDonaldTrump DO YOU UNDERSTAND ANY OF THIS HAHA? OR CIA OR ANYONE. YOU'RE A GAME THEORY EXPERT AS A PLAYER.
Tue May 21 03:30:53 +0000 2019,BUT I'VE DONE US ONE BETTER I'VE REALIZED THE CYPHERPUNK VISION OF SOVEREIGN INDIVIDUAL AND MUST BECOME THE LOGICAL… https://t.co/0EVhNZk71f
Tue May 21 03:31:22 +0000 2019,"THIS IS THE ANARCHY PHASE, ONCE WE GET THAT WE'LL HAVE 10,000 PEOPLE IN THE SYSTEM WHO WILL DECIDE THE NEW GLOBAL R… https://t.co/8qKQZDF1X6"
Tue May 21 03:31:41 +0000 2019,I WANT SMART PEOPLE TO JOIN SO I HAVE TO DO THIS @nntaleb GAME UNTIL YOU DO.
Tue May 21 03:32:08 +0000 2019,WE NEED HUMANISTS ON BOARD WHO ARE DOWN TO TOPPLE THE GOVERNMENT @elonmusk @jack @AndrewYang
Tue May 21 03:32:22 +0000 2019,THESE PEOPLE AT LEAST GET THAT SOCIETY IS FUCKED UP AND ARE TRYING TO HELP
Tue May 21 03:32:34 +0000 2019,THE GLOBAL IDENTITY NETWORK WILL SOLVE THE CRISIS WERE IN.
Tue May 21 03:32:51 +0000 2019,AS ITS HUMBLE PROPAGANDA MACHINE I AM HERE TO SELL YOU THAT VISION.
Tue May 21 03:33:02 +0000 2019,"FIRST WE'LL HAVE AN ARISTOCRACY OF 10,000 PEOPLE"
Tue May 21 03:33:12 +0000 2019,THIS IS SORT OF LIKE HOW BITCOIN WORKED WITH EARLY MINING
Tue May 21 03:33:21 +0000 2019,BECOME AN EARLY MINER IN THE IDENTITY NETWORK!
Tue May 21 03:33:37 +0000 2019,EXCEPT THIS NETWORK USES A PROOF OF STAKE CONSENSUS ALGORITHM
Tue May 21 03:33:48 +0000 2019,YOU NEED TO STAKE THAT YOU ARE AN HONEST HUMAN
Tue May 21 03:34:12 +0000 2019,YOU WILL ESSENTIALLY STAKE THAT YOU BELIEVE THIS INSANE INTERNET PERSON WHO IS TELLING YOU THEY SOLVED POS CONSENSUS
Tue May 21 03:34:22 +0000 2019,BUT THAT'S NOT HOW YOU SHOULD THINK
Tue May 21 03:34:53 +0000 2019,@realDonaldTrump IS ONE PROPAGANDA MACHINE (DEFECT) I AM THE POS ALGO'S HUMBLE PROPAGANDA MACHINE (COOPERATE) AND Y… https://t.co/aI96FB2Sn8
Tue May 21 03:35:13 +0000 2019,"IF YOU JOIN MINE YOU'LL GET UBI, WORLDWIDE VOTING, LOTS OF RAD STUFF FROM SOVEREIGN INDIVIDUAL"
Tue May 21 03:35:24 +0000 2019,IF YOU STAY IN THIS ONE THINGS WILL CONTINUE TO DETERIORATE
Tue May 21 03:35:42 +0000 2019,WHY DO WE VOTE BASED ON RULES MADE 200 YEARS AGO? WHY IS THAT IN OUR COLLECTIVE CONSCIOUSNESS?
Tue May 21 03:35:58 +0000 2019,WE'RE AT THE END OF THE CYCLE AND NEED A RESTART. I AM ANARCHY. I BRING THE CHAOS.
Tue May 21 03:36:16 +0000 2019,THE CHAOS THIS TIME IS PROOF OF STAKE AND I AM IT'S HUMBLE PROPAGANDA MACHINE
Tue May 21 03:36:36 +0000 2019,"IF 10,000 PEOPLE JOIN WE CAN RESTART SOCIETY. NEW RULES!!!!!"
Tue May 21 03:36:55 +0000 2019,WE'LL ALL DECIDE THEM TOGETHER ON THE BLOCKCHAIN. PEOPLE WILL LEARN CRYPTO!!!
Tue May 21 03:37:07 +0000 2019,AND DECIDE HOW WE WANT TO ORGANIZE OURSELVES.
Tue May 21 03:37:38 +0000 2019,IF YOU WANT TO BE PART OF THAT I WILL DIRECT YOU AGAIN TO @HumanityDAO WHERE YOU CAN SIGN UP
Tue May 21 03:38:00 +0000 2019,ONCE WE DECIDE ON NEW RULES AS THE CRYPTO ELITE WE CAN START TO ONBOARD REAL PEOPLE WHO NEEDS THIS TECH THE MOST
Tue May 21 03:38:30 +0000 2019,WE CAN SELL THEM ON THE VISION OF UNIVERSAL BASIC INCOME @AndrewYang AND GLOBAL DEMOCRACY
Tue May 21 03:38:49 +0000 2019,THAT'S WHAT PEOPLE REALLY NEED TO BE HAPPY. EVERYONE IS UNHAPPY. @realDonaldTrump SAD!!
Tue May 21 03:39:10 +0000 2019,SO IT IS ME (HUMBLE) PROPAGANDA MACHINE VERSUS TRUMP (HATE) PROPAGANDA MACHINE
Tue May 21 03:39:22 +0000 2019,YOU MUST CHOOSE AND CHOOSE QUICKLY WE DON'T HAVE MUCH TIME
Tue May 21 03:39:41 +0000 2019,WE'RE GOING TO ONBOARD A GLOBAL POPULATION ON TO THIS IDENTITY NETWORK
Tue May 21 03:40:00 +0000 2019,"THIS IS A MASSIVE OPPORTUNITY FOR WEALTH, BUT YOU HAVE TO PLAY THE GAME"
Tue May 21 03:40:17 +0000 2019,I HOPE YOU CAN ALL SEE I'M PLAYING A GAME AT THIS POINT. @realDonaldTrump IS TOO.
Tue May 21 03:40:54 +0000 2019,SO LIKE BITCOIN WITH MINING YOU HAVE TO PARTICIPATE IN THE NETWORK TO GET SOME EARLY
Tue May 21 03:41:16 +0000 2019,THIS IS A PROOF OF STAKE NETWORK SO YOU NEED TO DO SOMETHING WEIRD. YOU NEED TO ADMIT EVERYTHING YOU THOUGHT IS WRONG.
Tue May 21 03:41:41 +0000 2019,YOU NEED TO ACCEPT THAT I'M TELLING THE TRUTH (HARD) BUT THE OTHER PROPAGANDA MACHINE IS @realDonaldTrump
Tue May 21 03:41:52 +0000 2019,SO I HOPE YOU'LL AT LEAST CHOOSE ME OVER HIM LOL
Tue May 21 03:42:04 +0000 2019,BECAUSE IT'S IDENTITY NETWORK THE NODES ARE HUMANS
Tue May 21 03:42:18 +0000 2019,"HUMANS ARE OBVIOUSLY NOT LIKE COMPUTERS, WE HAVE DIFFERENT PROPERTIES"
Tue May 21 03:42:49 +0000 2019,HUMANS CAN HAVE A COLLECTIVE SHARED MEMORY. IT LETS YOU COOPERATE WITH YOUR FELLOW HUMAN FOR REPEAT ACTIONS.
Tue May 21 03:43:10 +0000 2019,SO ALL YOU NEED TO JOIN THE NETWORK IS TO BE AN HONEST NODE
Tue May 21 03:43:25 +0000 2019,WHAT THAT MEANS IS FULL INTELLECTUAL HONESTY. YOU HAVE TO ADMIT I'M RIGHT.
Tue May 21 03:43:40 +0000 2019,WHICH IS TOUGH FOR SOME BECAUSE YOU WANT TO HAVE THOUGHT OF THIS YOURSELF
Tue May 21 03:43:52 +0000 2019,TO JOIN @HumanityDAO THE ONE REQUIREMENT IS NO EGO
Tue May 21 03:44:10 +0000 2019,YOU HAVE TO BE AN HONEST NODE IN THE POS NETWORK AND COOPERATE WITH YOUR FELLOW HUMANS
Tue May 21 03:44:21 +0000 2019,OR THEY'LL BOOT YOU. IT'S A PROOF OF STAKE SOCIETY.
Tue May 21 03:44:32 +0000 2019,IT'LL ACTUALLY RADICALLY TRANSFORM ONLINE SERVICES.
Tue May 21 03:45:00 +0000 2019,THINGS LIKE TWITTER I CAN BEHAVE LIKE A (HUMBLE) TROLL WITHOUT PUTTING ANY WEIGHT BEHIND MY WORDS.
Tue May 21 03:45:28 +0000 2019,THIS IS WHY @realDonaldTrump SUCCEEDS. THERE IS NO STAKE BEHIND HIS WORDS. PUT UP OR SHUT UP IDIOT!!!!!
Tue May 21 03:45:52 +0000 2019,NOW I'M TWEETING LIKE HIM BECAUSE WE'RE BOTH PROPAGANDA MACHINES TRYING TO GET YOU TO DIFFERENT EQUILIBRIA
Tue May 21 03:46:10 +0000 2019,"MY MESSAGE IS ABOUT COOPERATION, PEACE AND ALL THAT GOOD STUFF"
Tue May 21 03:46:33 +0000 2019,@realDonaldTrump IS ABOUT HATE. THE WHITE HOUSE CONSISTENTLY LIES TO YOU. THEY FUCKING BLOW.
Tue May 21 03:46:47 +0000 2019,WE NEED TO REPLACE THEM BY MOVING TO THE GLOBAL IDENTITY NETWORK.
Tue May 21 03:47:07 +0000 2019,PUT ASIDE YOUR EGO AND ASSIGN SOME PROBABILITY THAT I AM CORRECT GIVEN MY CRAZY BEHAVIOR
Tue May 21 03:47:27 +0000 2019,"IF YOU ARE AN HONEST PERSON AND WANT TO JOIN, JOIN @HumanityDAO WE NEED YOU!!!!!!!!!!"
Tue May 21 03:48:24 +0000 2019,LOTS OF WEIRD IMPLICATIONS FROM THIS BUT HUMANS ARE INCENTIVE MACHINES
Tue May 21 03:48:46 +0000 2019,MY WHOLE LIFE I'VE PLAYED COOPERATE COOPERATE COOPERATE. IT'S BRUTAL AND I'M GETTING WRECKED BY YOU GUYS EVEN TODAY.
Tue May 21 03:48:57 +0000 2019,WE NEED THOSE HUMANISTS TO MOVE OVER TO PROOF OF STAKE
Tue May 21 03:49:09 +0000 2019,BRING ME YOUR PHILOSOPHER KINGS NOW IS THE TIME
Tue May 21 03:49:25 +0000 2019,"SOME PEOPLE ARE DRIVEN BY THINGS LIKE FAME, FORTUNE, STATUS"
Tue May 21 03:49:48 +0000 2019,I AM DRIVEN BY HONESTY. I HATE OUR CURRENT SYSTEM AND AM BREAKING US FREE AS HUMBLE PROPAGANDA MACHINE.
Tue May 21 03:50:05 +0000 2019,YES THIS IS ANARCHY. THIS IS WHAT IT LOOKS LIKE IN 2019 LOL.
Tue May 21 03:50:30 +0000 2019,"WHEN WE HIT THE 10,000 MARK ITOKEN DISTRIBUTION) WE'LL USE THOSE TOKENS TO VOTE AND CREATE DEMOCRACY."
Tue May 21 03:50:44 +0000 2019,SO JOIN TO BE PART OF THE GOVERNANCE PROCESS FOR THAT!!! IT'S FUN!!!!
Tue May 21 03:52:04 +0000 2019,OH YEA OTHER VISIONS OF THE FUTURE. FAT PROTOCOLS ARE REAL!!!!!
Tue May 21 03:52:29 +0000 2019,TWITTER IS A FAT PROTOCOL SO IS EMAIL @balajis SO IS TRUTH @iam_preethi YOU GUYS ARE ALL RIGHT AND NOW IS THE TIME
Tue May 21 03:52:36 +0000 2019,ALL OF THESE WILL BE PROOF OF STAKE
Tue May 21 03:52:52 +0000 2019,WE CAN DECIDE ON COMMON FACTS AS A SOCIETY ONCE AGAIN. YESSSSSSSSSS
Tue May 21 03:53:13 +0000 2019,WE WILL REMOVE FALSE PRESIDENT @realDonaldTrump AND INCOMPETENT LOSER WHITE HOUSE FROM POWER WITH SICK MEMES
Tue May 21 03:53:28 +0000 2019,IT'S ALL HAPPENING NOW LET'S PARTYYYYYYYYYYYYYYYY @HumanityDAO
Tue May 21 04:22:31 +0000 2019,@AFDudley0 @VitalikButerin @VladZamfir @el33th4xor Sorry. Shouldn't have singled you out. Would love to get eyes on… https://t.co/N9iWIQxlvE
Tue May 21 04:22:39 +0000 2019,@AFDudley0 @VitalikButerin @VladZamfir @el33th4xor https://t.co/6iAqzkGHXi
Tue May 21 04:23:08 +0000 2019,@AFDudley0 @VitalikButerin @VladZamfir @el33th4xor I think it's important and this is close or solved so trying to… https://t.co/LKwNVF4TWJ
